{
  "assetsByChunkName": {
    "vendors~app-account~app-confirmation~app-order": "chunk.4b969bc5a3810bd6ffc4.js",
    "vendors~app-account~app-checkout": "chunk.7eae4be64131b89a2fa1.js",
    "vendors~app-cart~app-checkout": "chunk.6b3679b4073362e9d1c9.js",
    "admin": [
      "admin.e4ae75e2453a8765a909.js",
      "admin.e4ae75e2453a8765a909.js.map"
    ],
    "app-account": "chunk.4ac253582a2394af3c65.js",
    "app-checkout": "chunk.1b54036b3c713efb7003.js",
    "app-confirmation": "chunk.862d4a4cc54fa3e4aa1b.js",
    "checkout": [
      "checkout.dbc7568b0dd1becb1cbd.js",
      "checkout.dbc7568b0dd1becb1cbd.js.map"
    ],
    "storefront": [
      "storefront.5276da6000c83a17cb03.css",
      "storefront.f1b0a027aa90dcbd983d.js",
      "storefront.5276da6000c83a17cb03.css.map",
      "storefront.f1b0a027aa90dcbd983d.js.map"
    ],
    "vendors~app-cart": "chunk.5a51b8b2865889225285.js",
    "vendors~app-order": "chunk.7795603a4901973b08d2.js"
  }
}