{
  "categories_list": {
    "featured": [
      "/macacoes?Macacões",
      "/acessorios?Acessórios"
    ],
    "random": 6,
    "full_width": true
  },
  "menu_all_departments": true,
  "centralized_logo": false,
  "marketing_stripe": {
    "text": "Aproveite nossos descontos de até 50%!",
    "link": "/promotion",
    "background": "#00c47b",
    "color": "#ffffff"
  },
  "alphabetical_order_submenu": false,
  "name_all_departments": "Todos os departamentos",
  "search_input": true,
  "desktop_megamenu": true,
  "full_width_submenu": true,
  "contacts_stripe": {
    "pages": [
      {
        "title": "Sobre nós",
        "link": "/pages/sobre-nos"
      }
    ],
    "phone_wpp": true,
    "socials": true
  }
}