{
  "meta_title": "Moda Infantil Encantadora | Eu Amo Nonô: Roupas Adoráveis para Crianças",
  "meta_description": "Descubra o encanto da moda infantil no Eu amo Nonô. Explore nossa coleção de roupas cuidadosamente selecionadas para crianças cheias de estilo e personalidade. Encontre peças únicas e tendências irresistíveis para os pequenos que você ama. Faça da moda uma aventura feliz com Eu amo Nonô!",
  "sections": [
    {
      "type": "banner-slider",
      "autoplay": 9000,
      "full_width": true,
      "slides": [
        {
          "start": "",
          "end": "",
          "img": "/img/uploads/banner-apresentacao.webp",
          "alt": "Banner sample two",
          "mobile_img": "/img/uploads/banner-apresentacao-mobile.webp"
        }
      ]
    },
    {
      "type": "info-bar",
      "enabled": true
    },
    {
      "type": "collection-shelf",
      "shuffle": true,
      "collection_id": null,
      "sort": "views",
      "title": "O Nonô usa!",
      "headless": false,
      "limit": 6,
      "page": 1
    }
  ]
}